epoch,time,train/box_loss,train/cls_loss,train/dfl_loss,metrics/precision(B),metrics/recall(B),metrics/mAP50(B),metrics/mAP50-95(B),val/box_loss,val/cls_loss,val/dfl_loss,lr/pg0,lr/pg1,lr/pg2,lr/pg3,lr/pg4,lr/pg5,lr/pg6,lr/pg7
1,698.204,2.30898,16.7315,1.70785,3e-05,0.00769,1e-05,0,2.20594,12.4251,1.81395,0.00066,0.00022,0.00066,0.00022,0.00066,0.00022,0.00066,0.00022
2,1195.71,1.6747,6.11781,1.30816,0.18826,0.28724,0.11786,0.07178,1.20183,3.87189,1.11633,0.00136634,0.000455446,0.00136634,0.000455446,0.00136634,0.000455446,0.00136634,0.000455446
3,1606.01,1.25362,2.42574,1.0509,0.92937,0.93077,0.95667,0.67023,1.0061,1.89826,0.97124,0.00205842,0.00068614,0.00205842,0.00068614,0.00205842,0.00068614,0.00205842,0.00068614
4,2018.52,1.0492,1.27529,0.90966,0.99115,0.96154,0.99215,0.75969,0.85434,0.97126,0.89255,0.00273625,0.000912082,0.00273625,0.000912082,0.00273625,0.000912082,0.00273625,0.000912082
5,2377.1,0.97859,0.83229,0.87544,0.9968,0.97692,0.99455,0.7653,0.802,0.68617,0.86483,0.00339982,0.00113327,0.00339982,0.00113327,0.00339982,0.00113327,0.00339982,0.00113327
6,2683.92,0.91547,0.68964,0.87142,0.98267,0.99231,0.99469,0.76107,0.79475,0.58699,0.86199,0.00404913,0.00134971,0.00404913,0.00134971,0.00404913,0.00134971,0.00404913,0.00134971
7,2990.51,0.90594,0.6274,0.85317,0.99236,0.99924,0.995,0.7717,0.79496,0.54641,0.86734,0.00468419,0.0015614,0.00468419,0.0015614,0.00468419,0.0015614,0.00468419,0.0015614
8,3729.11,0.87177,0.58763,0.84427,0.99133,1,0.995,0.75992,0.84168,0.56469,0.86271,0.00530499,0.00176833,0.00530499,0.00176833,0.00530499,0.00176833,0.00530499,0.00176833
9,3987.58,0.87055,0.58695,0.84081,1,0.99724,0.995,0.78121,0.74942,0.47792,0.86251,0.0055248,0.0018416,0.0055248,0.0018416,0.0055248,0.0018416,0.0055248,0.0018416
10,4249.36,0.85605,0.5408,0.84305,1,0.99882,0.995,0.77225,0.81683,0.48979,0.86741,0.0054654,0.0018218,0.0054654,0.0018218,0.0054654,0.0018218,0.0054654,0.0018218
11,4507.83,0.8699,0.52473,0.85455,0.99813,0.99231,0.995,0.7968,0.7378,0.48844,0.855,0.005406,0.001802,0.005406,0.001802,0.005406,0.001802,0.005406,0.001802
12,4765.27,0.85401,0.5165,0.83123,0.99732,0.99231,0.995,0.77459,0.77395,0.50894,0.8616,0.0053466,0.0017822,0.0053466,0.0017822,0.0053466,0.0017822,0.0053466,0.0017822
13,5024.19,0.81748,0.49613,0.84028,0.99597,0.99231,0.995,0.81231,0.7154,0.45391,0.85546,0.0052872,0.0017624,0.0052872,0.0017624,0.0052872,0.0017624,0.0052872,0.0017624
14,5279.16,0.8171,0.50002,0.85406,0.99868,1,0.995,0.81248,0.71376,0.49187,0.86501,0.0052278,0.0017426,0.0052278,0.0017426,0.0052278,0.0017426,0.0052278,0.0017426
15,5537.37,0.76796,0.48942,0.8406,0.99894,1,0.995,0.81034,0.69265,0.43626,0.85395,0.0051684,0.0017228,0.0051684,0.0017228,0.0051684,0.0017228,0.0051684,0.0017228
16,5795.34,0.79328,0.46379,0.82756,0.99839,1,0.995,0.81229,0.6964,0.42829,0.86172,0.005109,0.001703,0.005109,0.001703,0.005109,0.001703,0.005109,0.001703
17,6053.97,0.75121,0.46149,0.83496,0.99847,1,0.995,0.83442,0.67054,0.45047,0.85986,0.0050496,0.0016832,0.0050496,0.0016832,0.0050496,0.0016832,0.0050496,0.0016832
18,6310.5,0.76147,0.44962,0.82919,0.9986,1,0.995,0.82349,0.6399,0.42052,0.85318,0.0049902,0.0016634,0.0049902,0.0016634,0.0049902,0.0016634,0.0049902,0.0016634
19,6636.65,0.76314,0.43448,0.83617,0.99822,1,0.995,0.83633,0.64471,0.44972,0.85363,0.0049308,0.0016436,0.0049308,0.0016436,0.0049308,0.0016436,0.0049308,0.0016436
20,6893.05,0.73289,0.4498,0.81657,0.99837,1,0.995,0.83424,0.64338,0.41515,0.8507,0.0048714,0.0016238,0.0048714,0.0016238,0.0048714,0.0016238,0.0048714,0.0016238
21,7148.71,0.72906,0.43422,0.8191,0.998,1,0.995,0.85209,0.62112,0.41969,0.845,0.004812,0.001604,0.004812,0.001604,0.004812,0.001604,0.004812,0.001604
22,7404.47,0.71037,0.4288,0.82138,0.99825,1,0.995,0.8405,0.60716,0.3985,0.84546,0.0047526,0.0015842,0.0047526,0.0015842,0.0047526,0.0015842,0.0047526,0.0015842
23,8088.32,0.68845,0.42855,0.83112,0.9986,1,0.995,0.84539,0.62916,0.396,0.84653,0.0046932,0.0015644,0.0046932,0.0015644,0.0046932,0.0015644,0.0046932,0.0015644
24,8343.15,0.73433,0.43086,0.81776,0.99843,1,0.995,0.8279,0.67511,0.4137,0.86063,0.0046338,0.0015446,0.0046338,0.0015446,0.0046338,0.0015446,0.0046338,0.0015446
25,8600.84,0.69194,0.42192,0.81609,0.99885,1,0.995,0.85484,0.5943,0.37196,0.84612,0.0045744,0.0015248,0.0045744,0.0015248,0.0045744,0.0015248,0.0045744,0.0015248
26,8858.32,0.68968,0.41667,0.81158,0.99887,1,0.995,0.84812,0.64109,0.3761,0.85751,0.004515,0.001505,0.004515,0.001505,0.004515,0.001505,0.004515,0.001505
27,9114.03,0.68061,0.41211,0.82739,0.99909,1,0.995,0.87062,0.57113,0.36022,0.84819,0.0044556,0.0014852,0.0044556,0.0014852,0.0044556,0.0014852,0.0044556,0.0014852
28,10193.8,0.66696,0.4026,0.81712,0.99928,1,0.995,0.85345,0.61395,0.37468,0.84546,0.0043962,0.0014654,0.0043962,0.0014654,0.0043962,0.0014654,0.0043962,0.0014654
29,10451.9,0.68174,0.40629,0.82214,0.99928,1,0.995,0.85705,0.56923,0.35267,0.84391,0.0043368,0.0014456,0.0043368,0.0014456,0.0043368,0.0014456,0.0043368,0.0014456
30,10710.8,0.64471,0.39484,0.81825,0.99927,1,0.995,0.87873,0.53917,0.35286,0.84186,0.0042774,0.0014258,0.0042774,0.0014258,0.0042774,0.0014258,0.0042774,0.0014258
31,10969.1,0.59501,0.37834,0.82505,0.99941,1,0.995,0.8859,0.55287,0.34016,0.84329,0.004218,0.001406,0.004218,0.001406,0.004218,0.001406,0.004218,0.001406
32,11224.5,0.61609,0.36591,0.81477,0.99939,1,0.995,0.88977,0.51565,0.32172,0.84404,0.0041586,0.0013862,0.0041586,0.0013862,0.0041586,0.0013862,0.0041586,0.0013862
33,11943.7,0.60238,0.37538,0.80417,0.99942,1,0.995,0.89046,0.51773,0.31902,0.84111,0.0040992,0.0013664,0.0040992,0.0013664,0.0040992,0.0013664,0.0040992,0.0013664
34,12202.4,0.61351,0.38281,0.82313,0.99936,1,0.995,0.88622,0.51401,0.34249,0.8365,0.0040398,0.0013466,0.0040398,0.0013466,0.0040398,0.0013466,0.0040398,0.0013466
35,12458.8,0.59538,0.36559,0.82539,0.99934,1,0.995,0.8994,0.51172,0.33085,0.83046,0.0039804,0.0013268,0.0039804,0.0013268,0.0039804,0.0013268,0.0039804,0.0013268
36,12717.3,0.62087,0.3768,0.80386,0.99931,1,0.995,0.87718,0.5224,0.33535,0.83583,0.003921,0.001307,0.003921,0.001307,0.003921,0.001307,0.003921,0.001307
37,14862.9,0.59919,0.36543,0.80846,0.99932,1,0.995,0.89461,0.49506,0.33938,0.82288,0.0038616,0.0012872,0.0038616,0.0012872,0.0038616,0.0012872,0.0038616,0.0012872
38,15118.8,0.59919,0.37086,0.81397,0.99917,1,0.995,0.90013,0.46951,0.33217,0.82813,0.0038022,0.0012674,0.0038022,0.0012674,0.0038022,0.0012674,0.0038022,0.0012674
39,15377.7,0.54931,0.37121,0.80692,0.9988,1,0.995,0.89306,0.4752,0.33509,0.82469,0.0037428,0.0012476,0.0037428,0.0012476,0.0037428,0.0012476,0.0037428,0.0012476
40,15634.9,0.57044,0.3696,0.80277,0.99889,1,0.995,0.90192,0.49129,0.32344,0.82572,0.0036834,0.0012278,0.0036834,0.0012278,0.0036834,0.0012278,0.0036834,0.0012278
41,15890.2,0.50947,0.343,0.8024,0.99903,1,0.995,0.907,0.46682,0.3257,0.82028,0.003624,0.001208,0.003624,0.001208,0.003624,0.001208,0.003624,0.001208
42,16146.9,0.53142,0.34307,0.80568,0.99886,1,0.995,0.90862,0.46495,0.3323,0.81601,0.0035646,0.0011882,0.0035646,0.0011882,0.0035646,0.0011882,0.0035646,0.0011882
43,16403,0.55459,0.35346,0.80759,0.99864,1,0.995,0.91145,0.41403,0.31024,0.81362,0.0035052,0.0011684,0.0035052,0.0011684,0.0035052,0.0011684,0.0035052,0.0011684
44,16657.5,0.5455,0.35107,0.80374,0.9988,1,0.995,0.90917,0.44605,0.32595,0.81763,0.0034458,0.0011486,0.0034458,0.0011486,0.0034458,0.0011486,0.0034458,0.0011486
45,16897,0.52376,0.34435,0.80933,0.99915,1,0.995,0.91825,0.40321,0.30594,0.81531,0.0033864,0.0011288,0.0033864,0.0011288,0.0033864,0.0011288,0.0033864,0.0011288
46,17156,0.51755,0.33832,0.80037,0.99931,1,0.995,0.91887,0.41706,0.30137,0.81487,0.003327,0.001109,0.003327,0.001109,0.003327,0.001109,0.003327,0.001109
47,17413,0.4861,0.33004,0.79938,0.99913,1,0.995,0.91372,0.43458,0.31447,0.81309,0.0032676,0.0010892,0.0032676,0.0010892,0.0032676,0.0010892,0.0032676,0.0010892
48,17672.5,0.5016,0.33274,0.79738,0.99926,1,0.995,0.91432,0.40021,0.28714,0.81301,0.0032082,0.0010694,0.0032082,0.0010694,0.0032082,0.0010694,0.0032082,0.0010694
49,17930.3,0.50341,0.33398,0.79937,0.99935,1,0.995,0.91796,0.38171,0.28548,0.81282,0.0031488,0.0010496,0.0031488,0.0010496,0.0031488,0.0010496,0.0031488,0.0010496
50,18186,0.48779,0.31816,0.80252,0.99931,1,0.995,0.91508,0.41261,0.29478,0.81765,0.0030894,0.0010298,0.0030894,0.0010298,0.0030894,0.0010298,0.0030894,0.0010298
51,18440.5,0.50908,0.32238,0.80795,0.9993,1,0.995,0.92363,0.40882,0.29063,0.81503,0.00303,0.00101,0.00303,0.00101,0.00303,0.00101,0.00303,0.00101
52,18694.5,0.50304,0.32387,0.78742,0.99921,1,0.995,0.92515,0.37408,0.28927,0.81212,0.0029706,0.0009902,0.0029706,0.0009902,0.0029706,0.0009902,0.0029706,0.0009902
53,21643.2,0.5098,0.31687,0.80956,0.9991,1,0.995,0.92087,0.4083,0.29335,0.81777,0.0029112,0.0009704,0.0029112,0.0009704,0.0029112,0.0009704,0.0029112,0.0009704
54,28926.1,0.46386,0.31732,0.79522,0.99899,1,0.995,0.92537,0.37279,0.29288,0.80914,0.0028518,0.0009506,0.0028518,0.0009506,0.0028518,0.0009506,0.0028518,0.0009506
55,50442.8,0.48897,0.32283,0.79285,0.99852,1,0.995,0.91743,0.42576,0.31212,0.81467,0.0027924,0.0009308,0.0027924,0.0009308,0.0027924,0.0009308,0.0027924,0.0009308
56,50699.9,0.4839,0.31646,0.79386,0.99877,1,0.995,0.92253,0.38451,0.29545,0.81015,0.002733,0.000911,0.002733,0.000911,0.002733,0.000911,0.002733,0.000911
57,51762.7,0.47342,0.31437,0.80704,0.9988,1,0.995,0.92685,0.3873,0.29122,0.81319,0.0026736,0.0008912,0.0026736,0.0008912,0.0026736,0.0008912,0.0026736,0.0008912
58,52020.1,0.46599,0.30875,0.80005,0.99886,1,0.995,0.91768,0.42762,0.29803,0.81688,0.0026142,0.0008714,0.0026142,0.0008714,0.0026142,0.0008714,0.0026142,0.0008714
59,52277.9,0.46738,0.3162,0.79836,0.99913,1,0.995,0.93658,0.36796,0.29246,0.81142,0.0025548,0.0008516,0.0025548,0.0008516,0.0025548,0.0008516,0.0025548,0.0008516
60,52535.4,0.43731,0.29754,0.79413,0.99923,1,0.995,0.93404,0.38789,0.28397,0.80827,0.0024954,0.0008318,0.0024954,0.0008318,0.0024954,0.0008318,0.0024954,0.0008318
61,52793.1,0.44541,0.30196,0.7847,0.99917,1,0.995,0.94377,0.35842,0.27646,0.80799,0.002436,0.000812,0.002436,0.000812,0.002436,0.000812,0.002436,0.000812
62,53049.7,0.43024,0.29557,0.80563,0.99925,1,0.995,0.94435,0.37006,0.28587,0.80772,0.0023766,0.0007922,0.0023766,0.0007922,0.0023766,0.0007922,0.0023766,0.0007922
63,53307.3,0.45687,0.30111,0.79088,0.99934,1,0.995,0.94292,0.36552,0.28267,0.80665,0.0023172,0.0007724,0.0023172,0.0007724,0.0023172,0.0007724,0.0023172,0.0007724
64,53562.4,0.44719,0.30616,0.79441,0.99936,1,0.995,0.93667,0.35964,0.27005,0.80559,0.0022578,0.0007526,0.0022578,0.0007526,0.0022578,0.0007526,0.0022578,0.0007526
65,53819.4,0.42333,0.29898,0.79011,0.99931,1,0.995,0.94547,0.36673,0.26948,0.80596,0.0021984,0.0007328,0.0021984,0.0007328,0.0021984,0.0007328,0.0021984,0.0007328
66,54077.8,0.43564,0.29206,0.79102,0.99925,1,0.995,0.95401,0.33921,0.25998,0.80441,0.002139,0.000713,0.002139,0.000713,0.002139,0.000713,0.002139,0.000713
67,54297.4,0.41363,0.28402,0.79298,0.99933,1,0.995,0.94764,0.36004,0.25829,0.80365,0.0020796,0.0006932,0.0020796,0.0006932,0.0020796,0.0006932,0.0020796,0.0006932
68,54498,0.44366,0.30241,0.79589,0.99926,1,0.995,0.94945,0.34045,0.27648,0.80216,0.0020202,0.0006734,0.0020202,0.0006734,0.0020202,0.0006734,0.0020202,0.0006734
69,54719.7,0.3885,0.27656,0.79131,0.99927,1,0.995,0.93486,0.35718,0.26681,0.80443,0.0019608,0.0006536,0.0019608,0.0006536,0.0019608,0.0006536,0.0019608,0.0006536
70,54977.8,0.42916,0.2927,0.78663,0.99925,1,0.995,0.9442,0.33772,0.25313,0.80192,0.0019014,0.0006338,0.0019014,0.0006338,0.0019014,0.0006338,0.0019014,0.0006338
71,55242,0.39718,0.27636,0.79019,0.9993,1,0.995,0.95513,0.33104,0.24839,0.80182,0.001842,0.000614,0.001842,0.000614,0.001842,0.000614,0.001842,0.000614
72,55487,0.38529,0.27001,0.7918,0.99933,1,0.995,0.96866,0.31568,0.23814,0.80311,0.0017826,0.0005942,0.0017826,0.0005942,0.0017826,0.0005942,0.0017826,0.0005942
73,55685.3,0.40435,0.28341,0.79354,0.99942,1,0.995,0.9598,0.33167,0.25785,0.80329,0.0017232,0.0005744,0.0017232,0.0005744,0.0017232,0.0005744,0.0017232,0.0005744
74,55889.5,0.3953,0.28048,0.79039,0.9995,1,0.995,0.94917,0.32388,0.24442,0.80025,0.0016638,0.0005546,0.0016638,0.0005546,0.0016638,0.0005546,0.0016638,0.0005546
75,56095.3,0.39771,0.27114,0.79047,0.99951,1,0.995,0.95796,0.32021,0.23763,0.80138,0.0016044,0.0005348,0.0016044,0.0005348,0.0016044,0.0005348,0.0016044,0.0005348
76,56299.4,0.37783,0.27312,0.79304,0.9995,1,0.995,0.96206,0.30613,0.23178,0.79864,0.001545,0.000515,0.001545,0.000515,0.001545,0.000515,0.001545,0.000515
77,56504.6,0.39137,0.27152,0.79336,0.99946,1,0.995,0.95415,0.33263,0.24329,0.80215,0.0014856,0.0004952,0.0014856,0.0004952,0.0014856,0.0004952,0.0014856,0.0004952
78,56709.3,0.40786,0.27476,0.78437,0.99943,1,0.995,0.95639,0.31938,0.24407,0.80175,0.0014262,0.0004754,0.0014262,0.0004754,0.0014262,0.0004754,0.0014262,0.0004754
79,56913.7,0.40428,0.27894,0.78105,0.99937,1,0.995,0.95195,0.32663,0.24705,0.80145,0.0013668,0.0004556,0.0013668,0.0004556,0.0013668,0.0004556,0.0013668,0.0004556
80,57118.6,0.38394,0.26493,0.79762,0.99933,1,0.995,0.9669,0.30873,0.23303,0.80169,0.0013074,0.0004358,0.0013074,0.0004358,0.0013074,0.0004358,0.0013074,0.0004358
81,57323.7,0.38578,0.26671,0.7865,0.99932,1,0.995,0.96295,0.31451,0.23885,0.80171,0.001248,0.000416,0.001248,0.000416,0.001248,0.000416,0.001248,0.000416
82,57528.3,0.3769,0.26331,0.79943,0.99932,1,0.995,0.96138,0.32561,0.23848,0.80396,0.0011886,0.0003962,0.0011886,0.0003962,0.0011886,0.0003962,0.0011886,0.0003962
83,57732.4,0.38114,0.26342,0.7958,0.99939,1,0.995,0.95654,0.3226,0.24073,0.80269,0.0011292,0.0003764,0.0011292,0.0003764,0.0011292,0.0003764,0.0011292,0.0003764
84,57936.8,0.37749,0.26535,0.79412,0.99943,1,0.995,0.96647,0.29377,0.23232,0.79917,0.0010698,0.0003566,0.0010698,0.0003566,0.0010698,0.0003566,0.0010698,0.0003566
85,58141.4,0.37665,0.2625,0.79505,0.99946,1,0.995,0.96477,0.30838,0.23536,0.80118,0.0010104,0.0003368,0.0010104,0.0003368,0.0010104,0.0003368,0.0010104,0.0003368
86,58346.3,0.35498,0.2609,0.78979,0.99947,1,0.995,0.96675,0.30918,0.24055,0.80017,0.000951,0.000317,0.000951,0.000317,0.000951,0.000317,0.000951,0.000317
87,58551.3,0.36831,0.27378,0.79403,0.99949,1,0.995,0.95952,0.32922,0.2496,0.80044,0.0008916,0.0002972,0.0008916,0.0002972,0.0008916,0.0002972,0.0008916,0.0002972
88,58755.9,0.37674,0.25816,0.78754,0.99949,1,0.995,0.96395,0.29918,0.23572,0.79834,0.0008322,0.0002774,0.0008322,0.0002774,0.0008322,0.0002774,0.0008322,0.0002774
89,58960.9,0.37014,0.2596,0.78246,0.99949,1,0.995,0.96426,0.2837,0.22736,0.79649,0.0007728,0.0002576,0.0007728,0.0002576,0.0007728,0.0002576,0.0007728,0.0002576
90,59165.9,0.37754,0.26792,0.78263,0.99948,1,0.995,0.96333,0.29778,0.23268,0.79776,0.0007134,0.0002378,0.0007134,0.0002378,0.0007134,0.0002378,0.0007134,0.0002378
91,59371.3,0.39241,0.27669,0.79907,0.99927,1,0.995,0.96968,0.3132,0.24106,0.79859,0.000654,0.000218,0.000654,0.000218,0.000654,0.000218,0.000654,0.000218
92,59575.4,0.34963,0.24884,0.77,0.99892,1,0.995,0.96375,0.33087,0.23801,0.7985,0.0005946,0.0001982,0.0005946,0.0001982,0.0005946,0.0001982,0.0005946,0.0001982
93,59779.7,0.33486,0.23947,0.78067,0.99865,1,0.995,0.96042,0.33725,0.24085,0.79903,0.0005352,0.0001784,0.0005352,0.0001784,0.0005352,0.0001784,0.0005352,0.0001784
94,59984.2,0.37487,0.25533,0.78263,0.99827,1,0.995,0.95501,0.34885,0.24488,0.80038,0.0004758,0.0001586,0.0004758,0.0001586,0.0004758,0.0001586,0.0004758,0.0001586
95,60188.2,0.34532,0.24188,0.7919,0.998,1,0.995,0.95555,0.35614,0.24688,0.80067,0.0004164,0.0001388,0.0004164,0.0001388,0.0004164,0.0001388,0.0004164,0.0001388
96,60392.8,0.33604,0.24387,0.76733,0.99777,1,0.995,0.95766,0.34579,0.24293,0.79985,0.000357,0.000119,0.000357,0.000119,0.000357,0.000119,0.000357,0.000119
97,60596.7,0.32387,0.23138,0.78302,0.9978,1,0.995,0.95879,0.33921,0.24151,0.79941,0.0002976,9.92e-05,0.0002976,9.92e-05,0.0002976,9.92e-05,0.0002976,9.92e-05
98,60800.9,0.34615,0.24498,0.7834,0.99775,1,0.995,0.95685,0.34077,0.24035,0.79947,0.0002382,7.94e-05,0.0002382,7.94e-05,0.0002382,7.94e-05,0.0002382,7.94e-05
99,61005.7,0.33375,0.24295,0.78487,0.99772,1,0.995,0.95488,0.3495,0.23913,0.80012,0.0001788,5.96e-05,0.0001788,5.96e-05,0.0001788,5.96e-05,0.0001788,5.96e-05
100,61210.2,0.33819,0.24639,0.77566,0.99766,1,0.995,0.95048,0.35841,0.2396,0.80055,0.0001194,3.98e-05,0.0001194,3.98e-05,0.0001194,3.98e-05,0.0001194,3.98e-05
